{"cameraMode":{"drawMode":0,"name":"Shaded","section":"Shading Mode"},"sceneLighting":true,"audioPlay":false,"sceneViewState":{"m_AlwaysRefresh":false,"showFog":true,"showSkybox":true,"showFlares":true,"showImageEffects":true,"showParticleSystems":true,"showVisualEffectGraphs":true,"m_FxEnabled":true},"in2DMode":false,"pivot":{"x":-2.321969985961914,"y":21.065462112426759,"z":-1.5402898788452149},"rotation":{"x":0.12407217174768448,"y":-0.5845221877098084,"z":0.09103438258171082,"w":0.7966562509536743},"size":33.81365203857422,"orthographic":true}